title,publishedAt,viewCount,likeCount,commentCount,duration
𝕸𝖆𝖑𝖆𝖞𝖘𝖎𝖆 𝕮𝖍𝖊𝖈𝖐 ☑️ #NCTDREAM #JENO #JISUNG #bluecheck #bluecheckchallenge,2023-01-28T14:03:11Z,99873,29006,632,32
NCT DREAM💚 with H.O.T.🤍 | #CandyChallenge 비하인드,2023-01-20T13:00:17Z,387497,45056,689,751
근데 여기 사실… 엄마 아빠가 사랑을 시작했거든요❤️ | WINTER SPECIAL EVENT [Candy] 비하인드,2023-01-19T11:00:34Z,270366,37321,664,782
[Un Cut] Take #5｜'Graduation' Recording Behind the Scene,2023-01-14T13:00:30Z,449536,57611,2360,1932
[Un Cut] Take #4｜'Candy' Recording Behind the Scene,2023-01-11T13:00:29Z,794100,89808,2908,1619
#CandyChallenge with #CHENLE’s Family 🐬🍬,2023-01-11T08:06:20Z,259670,47083,528,32
Ahhhh 👉#Candy👈 with #CHENLE’s brother 🍬 #CandyChallenge,2023-01-11T08:03:27Z,365461,69816,423,15
💚2022년 너무 고마웠고! 2023년 더 행복합시다💚 | 2022 연말 무대 비하인드,2023-01-09T11:00:09Z,632531,75920,1476,923
[Un Cut] Take #3｜'Candy' Dance Practice,2023-01-03T13:00:09Z,1592800,140943,3845,1218
"""여기… 하숙집 맞아요…?"" | 드림나무 캔디걸렸네",2022-12-30T13:00:36Z,1163405,122362,3210,1406
2 Kitties 2 Kitties🐈🐈‍⬛ 1 #Candy 🍬 with #JOHNNY,2022-12-30T08:01:57Z,525495,85300,508,25
"4, 3, 2, 1 #Candy 🍭Times❤️",2022-12-29T13:51:38Z,345598,64130,338,27
Just keep dancing #Candy 🍬💎,2022-12-29T13:22:32Z,245987,43833,179,27
[Un Cut] Take #2｜'Candy' MV Behind the Scene,2022-12-29T13:00:01Z,457309,54274,1083,1408
2023 NCT DREAM SEASON’S GREETINGS CONCEPT TRAILER VER.2 #NCTDREAM,2022-12-29T04:00:12Z,143442,37768,318,32
Dreamies love doggy🐾💚 #NCTDREAM #Candy,2022-12-28T12:00:22Z,154696,39916,234,12
Peek-A-B👀💛 #NCTDREAM #Candy,2022-12-28T10:00:00Z,187865,43735,180,15
이랴〰🎠💨#NCTDREAM #Candy,2022-12-27T12:00:32Z,264017,56835,597,9
[Un Cut] Take #1｜'Candy' Jacket Behind the Scene,2022-12-27T11:00:30Z,382113,54344,1008,903
아→이↘고↑ ✋🦊🐻🐹🤚 #NCTDREAM #Candy,2022-12-27T10:00:00Z,276738,72834,615,15
🏀Playing in the 90’s Arcade🕹 #NCTDREAM #Candy,2022-12-26T12:00:00Z,198831,51231,248,16
Winter Night : Christmas Message from 7DREAM🎄📮,2022-12-25T11:00:34Z,329823,51138,988,514
🎁Candy 요정들의 선물 박스가 도착했어요💫 | Packing NCT DREAM ‘Candy’ Album,2022-12-25T09:00:31Z,463000,66805,1376,504
My type my #Candy 🍭✨,2022-12-25T06:09:35Z,215915,31540,206,28
NCT DREAM 엔시티 드림 'Graduation' Special Video,2022-12-23T15:00:28Z,2731889,332375,14227,246
NCT DREAM 엔시티 드림 'Candy' 🍬 MV Commentary,2022-12-23T11:00:00Z,977658,103737,2248,515
언제나 니 옆에 있을게🍬 수고했어 오늘도👏,2022-12-23T09:30:42Z,196781,44018,164,27
[Replay] NCT DREAM ‘Candy’ Comeback Live,2022-12-23T07:00:08Z,425890,32557,805,5430
단지 🐕🐾 사랑해💚 with #JOY,2022-12-22T05:03:45Z,174157,29708,191,27
Legend of #Candy 🍬👑,2022-12-21T14:52:04Z,433578,63348,388,27
응답하라 1️⃣9️⃣9️⃣6️⃣ 🍭🤍 with #TONYAN,2022-12-21T14:43:01Z,184935,26701,222,28
🍭 Welcome to DREAM's Candy Factory 🍬 #NCTDREAM #CandyChallenge,2022-12-21T10:00:07Z,688440,163194,655,59
fluffy doggy 🐾 with 🍬Candy Fairies🧚‍♂️  #NCTDREAM #Candy #CandyChallenge,2022-12-20T12:00:09Z,394423,89816,501,25
NCT DREAM 엔시티 드림 'Candy' Dance Practice,2022-12-20T11:00:22Z,2486782,204188,3305,221
비교 비교 했지! 🔨 #NCTDREAM #Candy #CandyChallenge,2022-12-20T10:00:00Z,327697,78564,539,11
한입에 삼켜 Candy 🍬😈 with #GISELLE #NINGNING,2022-12-20T07:07:35Z,1611471,147199,927,25
my #Candy is #Yours 🤗🍬 #CHANYEOL #Raiden #WINTER,2022-12-20T06:33:31Z,442560,56377,623,20
This is how we enjoy 🎄#Candy ♥️,2022-12-19T14:06:31Z,225841,53898,636,25
천지의➰ 잉차💚 낑차🎁 #NCTDREAM #Candy #CandyChallenge,2022-12-19T12:39:01Z,195548,47734,295,16
𝒃𝒐𝒏𝒖𝒔 𝒄𝒖𝒕! 너 혼자 아냐🕺 너의 곁엔 내가 있잖아😜,2022-12-19T06:08:25Z,374062,49767,538,19
🔥 언제나 니 옆에 있을게 🧊 with #KAI #KARINA,2022-12-19T06:03:33Z,1176348,122915,857,23
"단㉨l 널 ㈔ ㄹбㅎH ○l렇7ㅓl 말했zl , , ⭒*｡  #NCTDREAM #CandyChallenge",2022-12-17T12:00:04Z,210250,53045,252,12
😎 #ZOO flavored #Candy 🍬with #TAEYONG #HENDERY #YANGYANG,2022-12-17T10:25:38Z,346058,60258,304,27
from 1️⃣9️⃣9️⃣6️⃣ to ✌️🫶✌️✌️ #NCTDREAM #Candy,2022-12-17T10:00:29Z,435436,90789,369,26
이제껏 준비했던🍬 많은 말을 뒤로한 채🫢 with #WSG워너비,2022-12-17T09:27:00Z,247231,32691,153,21
˚₊*̥⸜ 🍬 슈가링 천지 💗 ⋆*‧˚₊*̥ with #JUNGWOO,2022-12-17T09:10:48Z,435828,61913,353,26
언제나🤍 니 옆에 있을게〰️🍭 with #장민호,2022-12-17T08:40:45Z,198093,36614,201,25
단지 널 사랑해💚 이렇게 말했지〰🧤with #재재,2022-12-16T16:27:17Z,265069,56830,201,24
이렇게 약속을🤙 하겠어🤍🤗 with #코요태 #김종민 #신지 #빽가,2022-12-16T15:57:56Z,226469,38344,186,22
Winter Night with 7DREAM🎄,2022-12-15T13:00:12Z,905528,118531,2456,968
Where's #RENJUN ⁉️ #NCTDREAM #Candy,2022-12-15T12:00:20Z,390710,98091,2501,9
언제나 네 곁에 있을게 🍭 #NCTDREAM #CandyChallenge,2022-12-15T10:00:12Z,360140,73730,503,23
이제껏 준비했던 많은 말을 뒤로한 채 ☃️ #NCTDREAM #CandyChallenge,2022-12-14T12:00:11Z,460129,90822,1887,25
단지 널 사랑해 💚 이렇게 말했지 #NCTDREAM #CandyChallenge,2022-12-14T10:00:11Z,759743,137756,1201,32
Popping #Candy in the air 💨🍬 #NCTDREAM #CandyChallenge,2022-12-12T12:00:30Z,378224,91462,664,5
7️⃣ mini-mes in #Candy land #NCTDREAM #CandyChallenge,2022-12-12T10:00:11Z,288980,76608,821,12
NCT DREAM 엔시티 드림 'Candy' Highlight Medley,2022-12-11T15:00:08Z,1319714,166222,4934,143
햇살에 일어나 보니 너무나 눈부셔☀️ #NCTDREAM #CandyChallenge,2022-12-10T10:00:00Z,508832,115929,1854,9
우린 같은 하늘 아래 서 있었지🧤 #NCTDREAM #Candy #CandyChallenge,2022-12-08T10:00:21Z,417414,93155,1100,12
What's the Mittens for?🧤 #NCTDREAM #CandyChallenge,2022-12-05T12:01:00Z,480505,110233,1869,9
"NCTzens, すいとーよ💚 #FUKUOKA",2022-12-03T09:31:08Z,154670,42782,148,42
DREAM SKETCH : Page #3 - Concert D-Day | THE DREAM SHOW2 BEHIND,2022-12-01T13:00:22Z,408470,47635,873,1575
아니 이 사람이 더 답답해!!!!  | 왕머리즈 VS 공공즈 #2,2022-11-30T13:00:21Z,924692,89717,1528,1059
NCTzen.. 僕のもの🤭💚#YOKOHAMA,2022-11-30T12:11:35Z,116270,34386,126,46
"DREAM SKETCH : Page #2 - Stage Practice, Rehearsal | THE DREAM SHOW2 BEHIND",2022-11-28T13:00:37Z,623703,63947,1409,1934
"DREAM SKETCH : Page #1 - Concert Meeting, Poster&VCR Shooting | THE DREAM SHOW2 BEHIND",2022-11-25T13:00:40Z,654783,75055,1879,1682
NCT DREAM THE MOVIE : In A DREAM | ScreenX Trailer (Beatbox),2022-11-24T23:00:09Z,155506,27986,373,31
🫶NCTzens 大好きです💚 #NAGOYA#NCTDREAM #THEDREAMSHOW2_in_JAPAN,2022-11-24T04:27:05Z,173495,42660,167,37
자존심을 건 싸움이라고 할 수 있지👊🏻🏁 | 왕머리즈 VS 공공즈 #1,2022-11-23T13:00:17Z,1423454,135895,2666,1157
NCT DREAM THE MOVIE : In A DREAM | ScreenX Trailer (버퍼링 (Glitch Mode)),2022-11-17T23:00:21Z,186190,32945,473,31
2023 NCT DREAM SEASON’S GREETINGS CONCEPT TRAILER #NCTDREAM,2022-11-09T06:00:27Z,250693,66123,424,27
Don't stop the music🎵 왜 멈춰 있어〰😜 #오르골챌린지 #shorts,2022-11-09T04:15:46Z,922545,144036,1089,27
NCT DREAM 엔시티 드림 'Dream-lapse' Performance Video (GMA ver.),2022-11-08T14:00:30Z,1268051,147589,4411,175
NCT DREAM THE MOVIE : In A DREAM | 메인 트레일러,2022-11-06T23:00:30Z,167493,35884,690,61
NCT DREAM THE MOVIE : In A DREAM | Official Trailer,2022-11-06T23:00:18Z,703382,50202,1060,61
블링블링하고 화사하고 퓨어한✨ | BLANCDIVA Photoshoot Behind,2022-11-06T11:00:23Z,237461,41899,990,613
여기는 DREAM💚 우리는 에버랜드🤩 | DREAM in EVERLAND #2,2022-10-29T13:00:27Z,780013,88377,1335,805
여기는 에버랜드입니다🎢💚 | DREAM in EVERLAND #1,2022-10-25T13:00:33Z,1347024,141938,1822,1219
⋆ ִׂ ٭𝑫𝑹𝑬𝑨𝑴 𝒊𝒏 𝑬𝑽𝑬𝑹𝑳𝑨𝑵𝑫⌁. ࣪˖ 환상의 나라 에버랜드로🎢 💚,2022-10-25T06:00:12Z,300305,71592,331,10
첫 출연을 하는 날입니다🏆 | 2022 TMA 더팩트 뮤직 어워즈 비하인드,2022-10-24T11:00:15Z,327216,54037,1122,647
아이고 귀여워 애기들👶🏻💚 | NCT DREAM Brand Concept Day Photoshoot Behind,2022-10-13T11:00:23Z,373004,56642,1650,628
🏎 3️⃣ Baddies 1 Porsche 💨 #shorts,2022-09-24T04:38:41Z,1451921,211177,852,21
NCT DREAM TOUR 'THE DREAM SHOW2 : In A DREAM' Recap Video,2022-09-20T13:00:34Z,301907,60044,1571,111
🐦삥 #NCTDREAM #JISUNG #새삥 #새삥챌린지,2022-09-16T10:33:16Z,726303,136436,1971,50
Thank you NCTzens for the two magical nights and making our DREAM come true 💚 #shorts,2022-09-11T09:59:28Z,227156,59237,571,37
NCT DREAM '같은 시간 같은 자리 (Walk you home)' Cheering Guide,2022-09-01T10:00:18Z,522134,73866,1581,252
[💚][TO THE NCT UNIVERSE] 2022 NCT DREAM EXHIBITION 'DREAM VIBE' Behind story,2022-08-31T13:00:12Z,238635,47895,751,51
[Replay] Tonight is THE NIGHT : NCT DREAM 6TH ANNIVERSARY,2022-08-30T03:00:29Z,918239,49155,1287,5658
진짜 지금부터 시작이에요💚 | 6TH HAPPY DREAM DAY🏀,2022-08-25T11:25:00Z,1354750,139812,3738,1811
말을 해도 어차피 안 들어줄 거기 때문에..🤷🏻 | 7분토론 | 7DREAM DEBATE,2022-08-14T13:00:36Z,1518194,157976,4476,1203
These are my best friends ✨ | Penshoppe Behind the Scene,2022-08-06T11:00:19Z,424477,64136,1316,445
[💚][TO THE NCT UNIVERSE] 2022 NCT DREAM EXHIBITION 'DREAM VIBE',2022-08-01T01:00:07Z,303004,59389,1126,78
MY DREAM LIGHTSTICK CUSTOM💫💚 | for ‘THE DREAM SHOW2 : In A DREAM’,2022-07-26T13:00:12Z,574156,82116,3272,579
Can’t wait to see all of you Czennies soon!💚,2022-07-26T08:43:33Z,335501,57280,1881,106
NCT DREAM 엔시티 드림 '버퍼링 (Glitch Mode)' Dance Practice (7DREAM Ver.),2022-07-18T11:00:11Z,1130922,133234,4453,237
GRWD - Get Ready With DREAM💚 | LOOKBOOK for ‘THE DREAM SHOW2 : In A DREAM’,2022-07-17T13:00:07Z,840289,111977,2798,1045
노래 주때요~! 😆🎶 | 드림콘서트 비하인드,2022-07-12T11:00:03Z,864646,127490,1776,924
나랑 같이 떠날래? 😎🌊 | DREAM di JAKARTA #2,2022-07-10T13:00:34Z,2679619,411330,11999,1106
햇빛이 짱짱하니 좋구만 🌴☀️ | DREAM di JAKARTA #1,2022-07-06T13:00:30Z,2782435,502596,15843,585
NCT DREAM 엔시티 드림 'Beatbox' TikTok Compilation,2022-06-30T11:00:09Z,408763,71798,1059,206
Aku Cinta Czennie〰💚 | Allo Bank Festival 2022 Behind the Scene,2022-06-29T13:00:21Z,1302261,293510,11421,521
[Un Cut] Take #4｜'Beatbox' Recording Behind the Scene,2022-06-27T13:00:03Z,1212940,140539,3705,1824
우리가 누군지 보여주자!👊🏻💚 | Beatbox 음악방송 대기실 비하인드,2022-06-25T11:00:39Z,758475,107169,1835,619
NCT DREAM 엔시티 드림 'Beatbox' Dance Practice,2022-06-23T11:00:14Z,5829680,399290,9961,248
NCT DREAM 엔시티 드림 'Beatbox' Choreography Video,2022-06-21T13:00:31Z,5042674,232442,1823,208
[Un Cut] Take #3｜‘Beatbox’ Dance Practice,2022-06-20T11:00:18Z,1182240,150329,2368,625
🥁Bring Your Beatbox🤝 DREAM SQUAD 모집 | NCT DREAM 'Beatbox' TikTok Reaction,2022-06-19T13:00:24Z,2171749,233863,2876,1144
NCT DREAM in DREAMCONCERT🌱Thank U NCTZen💚,2022-06-19T12:33:16Z,381219,95273,965,16
[Un Cut] Take #2｜‘Beatbox’ Jacket Behind the Scene,2022-06-16T13:00:30Z,419208,63357,1056,1379
[Un Cut] Take #1｜‘Beatbox’ MV Behind the Scene,2022-06-14T13:00:07Z,860450,114655,1864,1518
여기 동아리는 내가 접수하겠네 😎💥 | 모여봐요 DREAM SQUAD,2022-06-10T11:00:39Z,1779449,180922,3884,1292
저희가 드디어 독일에 왔습니다🤩💚 | KPOP.FLEX Behind the Scene,2022-06-08T11:00:00Z,860760,129686,4664,602
[Replay] NCT DREAM ‘Beatbox’ Comeback Live l 모일수록 완벽한 궁합,2022-06-05T09:00:10Z,514525,38210,951,4749
[Replay] NCT DREAM ‘Beatbox’ Countdown Live l 우리만이 가능한 음악,2022-06-05T08:00:09Z,170985,22159,697,3447
UNBOXING of NCT DREAM ‘Beatbox’ Album,2022-06-04T13:00:30Z,693512,101714,1509,853
REACTION to 🤝’Beatbox’🪥 MV | NCT DREAM Reaction,2022-06-03T13:00:07Z,1283279,174130,1865,354
NCT DREAM 엔시티 드림 'Beatbox' Performance Stage,2022-05-31T11:21:35Z,5136521,458593,10082,232
NCT DREAM 'Beatbox' (Official Audio) | Beatbox - The 2nd Album Repackage,2022-05-30T09:03:16Z,477089,50080,1059,206
NCT DREAM '마지막 인사 (To My First)' (Official Audio) | Beatbox - The 2nd Album Repackage,2022-05-30T09:03:03Z,2591221,130988,4147,184
"NCT DREAM 'Sorry, Heart' (Official Audio) | Beatbox - The 2nd Album Repackage",2022-05-30T09:02:46Z,1708944,95742,3064,214
NCT DREAM '별 밤 (On the way)' (Official Audio) | Beatbox - The 2nd Album Repackage,2022-05-30T09:02:21Z,985953,75774,2345,210
How we play @DREAM SQUAD STUDIO 🎼,2022-05-27T11:01:08Z,283246,60144,132,11
☁ WE GET HIGH pose ☁,2022-05-27T11:00:02Z,465576,68111,215,8
🐶 (🐹 ) +🐻 = SUGAR POP! STAR,2022-05-27T08:01:07Z,254747,45512,227,8
Boom!💥 into album jacket photoshoot📸,2022-05-27T08:00:11Z,207490,47448,149,31
Let’s get to drawing our own album cover @DREAMZONE ✍️,2022-05-25T13:00:15Z,471936,92557,1697,403
버퍼링 (Glitch Mode) 🕹 with 핑크퐁 레드렉스 | NCT DREAM과 함께 노래해요💚 | NCT DREAM X 핑크퐁,2022-05-25T10:00:13Z,1447052,207976,0,138
Glitch Mode 🕹 with Pinkfong REDREX | Sing along with NCT DREAM💚 | NCT DREAM X PINKFONG,2022-05-25T10:00:11Z,2084797,116491,0,138
🐯 This is our Boom Chicka dance🐹 Show your Boom Chicka! #BringYourBeatbox,2022-05-22T11:01:08Z,298194,52675,202,17
🐻 This is our Boom Chicka dance🐬 Show your Boom Chicka! #BringYourBeatbox,2022-05-22T11:00:12Z,258434,51314,162,16
🐰 This is our Boom Chicka dance👨‍🏫 Show your Boom Chicka! #BringYourBeatbox,2022-05-22T08:01:23Z,329273,58062,238,16
🦊 This is our Boom Chicka dance🐶 Show your Boom Chicka! #BringYourBeatbox,2022-05-22T08:00:08Z,305931,57815,315,17
🐯 Boom은 상체 Chicka는 하체로 🐹 #BringYourBeatbox,2022-05-21T11:01:15Z,218911,37165,188,59
손동작🖐으로 만드는 Boom Chicka 🐻🐬 #BringYourBeatbox,2022-05-21T11:00:24Z,156380,36308,182,48
🐰👨‍🏫 Find water drop sound in Beatbox💧#BringYourBeatbox,2022-05-21T08:02:21Z,122396,28720,121,51
🦊 관절을 움직여보자 🐶🦴 #BringYourBeatbox,2022-05-21T08:01:02Z,163359,36874,184,49
Beatbox Dance Challenge CONFERENCE💡#BringYourBeatbox,2022-05-21T08:00:17Z,126138,27844,94,54
🐯🦊🐶🐰🐬 and you💚 #BringYourBeatbox,2022-05-20T11:02:56Z,386844,77326,281,15
Let’s see how you Boom Chicka! 🕺#BringYourBeatbox,2022-05-20T11:01:36Z,261422,51696,162,14
비트에 맞춰 같이 변신해보자! 🥊🐺 #BringYourBeatbox,2022-05-20T11:00:14Z,180210,42631,219,18
Beatbox wink 😉✨ ver. What is your verison? #BringYourBeatbox,2022-05-20T08:01:25Z,978389,146403,1345,13
Teleporting with Beatbox 💫 #BringYourBeatbox,2022-05-20T08:00:11Z,189813,44878,158,17
Let’s go out with Beatbox! 🛹 🏀 #BringYourBeatbox,2022-05-19T11:01:10Z,505304,93280,303,15
비트박스 분신술 Pop! 👀 #BringYourBeatbox,2022-05-19T11:00:13Z,184845,37887,154,13
Shake your body🍃 with Beatbox #BringYourBeatbox,2022-05-19T08:01:01Z,326029,68481,274,14
Are you ready to get on Beatbox train? 🚂 #BringYourBeatbox,2022-05-19T08:00:16Z,741631,129826,460,13
Beatbox pics. this week📸 Let's see your photodump! #BringYourBeatbox,2022-05-18T11:02:05Z,250994,57543,480,12
Mirror Highway✨다음은 누가 해볼래?😎 #BringYourBeatbox,2022-05-18T11:01:26Z,332352,72283,251,10
곰인형을 던졌더니…🐻❗️ #BringYourBeatbox,2022-05-18T11:00:13Z,1155334,174660,614,16
Boom! 💥에 맞춰 bounce bounce #BringYourBeatbox,2022-05-18T08:01:12Z,250840,50766,254,15
Cool Kids on Beatbox🥁 Wanna see your own version of Beatbox video! #BringYourBeatbox,2022-05-18T08:00:12Z,1078103,192598,526,13
Yesssss! We all did it✌ Check this out #Beatbox,2022-05-17T11:02:57Z,394095,92828,563,59
"“Baaam~ Chicka!"" video 🤣 edited by JAEMIN",2022-05-17T11:01:25Z,232096,50961,351,10
Beatbox everywhere w/ Beat Park 🙌,2022-05-17T11:00:11Z,248575,58675,339,49
멤버들이 내는 소리로 비트메이킹 하기 by Beat Park 🐤,2022-05-17T08:00:17Z,233995,53919,369,59
DREAMSQUAD BUSKING 🎸 ▶ or 🔄,2022-05-16T11:01:42Z,200734,49790,244,38
Beatbox on beats on beats on beats 🖊️,2022-05-16T11:00:06Z,482180,111593,519,31
빵 대신 비트굽기 🍞,2022-05-16T08:00:12Z,1137001,214151,554,30
좋아 자연스러웠어 🎹,2022-05-15T11:01:13Z,215665,52655,525,24
입 좀 풀어볼까? 치키파하~~~,2022-05-15T11:00:31Z,220559,45538,483,55
요즘 우리가 뭐에 꽂혀있냐면 💭,2022-05-15T08:00:24Z,2806680,441720,1492,37
NCT DREAM 엔시티 드림 Behind The Stage @DREAM STAGE : GLITCH MODE,2022-05-14T13:00:32Z,358799,58210,754,739
NCT DREAM 엔시티 드림 'Fire Alarm + Arcade' @DREAM STAGE : GLITCH MODE,2022-05-14T11:00:13Z,2289204,161401,2475,344
나타나 줘 눈 감을 때도💫,2022-05-13T11:00:03Z,198898,51731,407,40
드림스쿼드 최고멋쟁이😎,2022-05-13T08:00:00Z,156253,44737,357,11
지성아 같이 춤출래?🕺 Dance duo in the zone,2022-05-12T11:00:16Z,227624,53654,296,31
이렇게 느리게 찍으면 재밌다니까? ✨,2022-05-12T08:00:38Z,172139,37238,183,53
재민이가 같이 찍재 📹,2022-05-12T08:00:00Z,236364,54101,307,34
나 화음 쌓을래 🚗,2022-05-11T11:00:34Z,319831,73349,541,32
비트 찍으면 누가 나타나게? 🚨 #FireAlarm,2022-05-11T08:00:08Z,283664,70846,816,23
Every Friend Group Has... 서로 찍어주기 📹,2022-05-10T11:00:06Z,607222,129849,900,41
Welcome to DREAMSQUAD zone #selfcamera,2022-05-10T08:00:30Z,372505,98958,993,1
[Un Cut] Take #5｜'잘 자 (Teddy Bear)' & 'Saturday Drip' Recording Behind the Scene,2022-05-08T13:00:04Z,895264,106808,4584,2800
‘Rewind’ Live Clip | NCT DREAM 엔시티 드림,2022-05-07T13:00:21Z,2308162,212205,4835,193
Baby T-Rex | Sing along with NCT DREAM💚 | Dinosaur Song for Kids | NCT DREAM X PINKFONG,2022-05-05T01:00:17Z,4771338,297336,0,95
아기 티라노 | NCT DREAM과 함께 노래해요💚 | 어린이날 특집 | NCT DREAM X 핑크퐁,2022-05-05T01:00:12Z,3252530,185717,0,95
[Un Cut] Take #4｜'버퍼링 (Glitch Mode)' Recording Behind the Scene,2022-05-01T13:00:00Z,1039660,119381,2837,1549
[Un Cut] Take #3｜'버퍼링 (Glitch Mode)' Dance Practice,2022-04-29T11:00:19Z,1374154,142061,2503,862
⚡️🕹못 다한 이야기 It's Never Goodbye~🏆💚 | 버퍼링 (Glitch Mode) 음악방송 대기실 비하인드 #2,2022-04-27T11:00:31Z,633399,88834,1684,751
'너를 위한 단어 (It’s Yours)' Live Clip | NCT DREAM 엔시티 드림,2022-04-25T13:00:30Z,4160377,252036,7442,239
NCT DREAM 'Rewind' | DREAM STAGE : GLITCH MODE Ver.,2022-04-23T11:00:25Z,699944,100012,1332,185
[Un Cut] Take #2｜‘버퍼링 (Glitch Mode)’ Jacket Behind the Scene,2022-04-21T11:00:03Z,651821,77580,1435,1630
DREAM STAGE : GLITCH MODE Behind The Scenes,2022-04-20T11:00:15Z,919003,112209,2394,1412
[Un Cut] Take #1｜‘버퍼링 (Glitch Mode)’ MV Behind the Scene,2022-04-19T13:00:21Z,701858,96878,2350,1402
🤔곳곳에 그려진 낙서의 비밀은? | 💗NCT DREAM POP-UP STORE 'Glitch Arcade Center' Behind🕹,2022-04-17T11:00:15Z,581730,90343,1156,629
What’s cooking? 👀🧑‍🍳 #shorts,2022-04-15T14:30:59Z,442408,81007,456,20
Exclusive: ‘Glitch Mode’ in the news room 📑🎙 #shorts,2022-04-15T14:30:52Z,267394,56125,276,21
우린 역시 팀인가 봐요👏 | GLITCH LOVE SIMULATION🕹 #2,2022-04-15T13:00:32Z,576578,78793,1163,1150
버퍼링 (Glitch Mode) 🥶 with 핑크퐁 레드렉스 Teaser｜NCT DREAM X 핑크퐁,2022-04-15T10:00:07Z,616821,137398,0,17
"Scratch that, bring JUNGWOO back(stage) 💚 #shorts",2022-04-12T11:07:02Z,1106776,187341,1015,26
Dream VS Dream | JENO VS CHENLE,2022-04-10T13:00:17Z,407424,58134,946,685
드디어 ⚡️첫 방송🕹을 하러 왔습니다💚 | 버퍼링 (Glitch Mode) 음악방송 대기실 비하인드,2022-04-09T13:00:11Z,696248,94577,1252,570
ZENNIE의 마음을 얻는 데 SUCCESS하면 되는 거죠?💚 | GLITCH LOVE SIMULATION🕹 #1,2022-04-08T13:00:30Z,954944,123484,2050,1147
Dream VS Dream | JISUNG VS HAECHAN,2022-04-07T13:00:19Z,507202,71551,1133,679
[Replay] Let’s Play 'Glitch Mode' l NCT DREAM,2022-04-07T03:00:02Z,656867,57717,923,4627
‘Glitch Mode’ Body Glitch Dance Challenge 👾,2022-04-06T09:00:32Z,290760,57875,193,16
‘Glitch Mode’ 2x JISUNG Dance Challenge 🤖,2022-04-06T09:00:31Z,650927,126272,481,21
Buffering situation 🎶 in repetition 🎶 at the DREAM GAME LAB 🕹️ #shorts,2022-04-05T11:00:12Z,199564,42764,186,19
Dream VS Dream | JAEMIN VS MARK,2022-04-04T13:00:12Z,677141,98139,1581,559
‘Glitch Mode’ Casual Dance Challenge 🤖,2022-04-04T06:00:02Z,372162,73794,538,16
‘Glitch Mode’ Kung Fu Shot Dance Challenge 👾,2022-04-04T06:00:02Z,231503,46078,140,16
Welcome aboard 🚀 This is Neo Culture Technology 💚 #shorts,2022-04-03T11:00:30Z,424087,85316,588,20
UNBOXING of NCT DREAM ‘Glitch Mode’ Album,2022-04-02T11:00:17Z,655132,95100,1604,726
"Beyond LIVE: NCT DREAM - DREAM STAGE ""GLITCH MODE"" [Official Teaser]",2022-04-02T09:00:32Z,738719,131543,1487,38
Who’s really ready for ‘Glitch Mode’? Guess who 👾,2022-04-02T06:00:02Z,272672,59691,432,13
Who’s really ready for ‘Glitch Mode’? Guess who 🤖,2022-04-02T06:00:01Z,204500,48080,267,13
Dream VS Dream | RENJUN VS JENO,2022-04-01T13:00:07Z,684167,102850,2418,659
ERROR ⚠️ Miscode on the radio with 신디 📻,2022-04-01T11:00:23Z,291536,52537,148,21
"Scratch that, bring it back ⏪ 한 번만 더👆 #shorts",2022-04-01T08:13:35Z,491897,80898,220,16
REACTION to ⚡️’버퍼링 (Glitch Mode)’🕹 MV | NCT DREAM Reaction,2022-03-31T13:00:20Z,1391848,182261,2215,6
The RAIN-y season is here! 🌧⚡️ NCT DREAM on ‘Season B Season’ @8pm (KST) 📺 #shorts,2022-03-31T10:00:13Z,1171759,140519,515,19
‘Glitch Mode’ 2x Dance Challenge 👾,2022-03-31T06:00:09Z,525036,85652,434,16
NCT DREAM 엔시티 드림 '버퍼링 (Glitch Mode)' @DREAM STAGE : GLITCH MODE,2022-03-30T11:22:38Z,3006309,341651,7651,217
"Scratch that, bring it 🔙👾 #shorts",2022-03-30T09:18:58Z,483244,97244,1010,23
"Glitch Mode ON: bringing trouble, trouble like a miscode 😈⚠️ #shorts",2022-03-30T09:16:07Z,402715,89835,472,26
Now loading… ⚡️🕹 #SwitchOnThatGlitchMode #shorts,2022-03-30T09:13:52Z,328097,75100,562,24
[Replay] NCT DREAM 'Glitch Mode' Countdown Live,2022-03-29T13:00:04Z,613608,65454,918,59
NCT DREAM 'Rewind' (Official Audio) | Glitch Mode - The 2nd Album,2022-03-28T09:02:09Z,687029,70212,1414,185
NCT DREAM '북극성 (Never Goodbye)' (Official Audio) | Glitch Mode - The 2nd Album,2022-03-28T09:02:01Z,5390555,181121,4378,213
NCT DREAM '미니카 (Drive)' (Official Audio) | Glitch Mode - The 2nd Album,2022-03-28T09:01:52Z,1578690,85112,2046,199
NCT DREAM 'Better Than Gold (지금)' (Official Audio) | Glitch Mode - The 2nd Album,2022-03-28T09:01:45Z,2841030,118950,1995,201
NCT DREAM 'Saturday Drip' (Official Audio) | Glitch Mode - The 2nd Album,2022-03-28T09:01:38Z,3350460,149913,4181,181
NCT DREAM 'Replay (내일 봐)' (Official Audio) | Glitch Mode - The 2nd Album,2022-03-28T09:01:23Z,921998,71033,1181,215
NCT DREAM '잘 자 (Teddy Bear)' (Official Audio) | Glitch Mode - The 2nd Album,2022-03-28T09:01:16Z,2345354,105470,2776,243
NCT DREAM '너를 위한 단어 (It’s Yours)' (Official Audio) | Glitch Mode - The 2nd Album,2022-03-28T09:01:08Z,1133944,85820,2012,225
NCT DREAM 'Arcade' (Official Audio) | Glitch Mode - The 2nd Album,2022-03-28T09:01:01Z,1255762,78970,1474,208
NCT DREAM '버퍼링 (Glitch Mode)' (Official Audio) | Glitch Mode - The 2nd Album,2022-03-28T09:00:16Z,764934,55659,1081,208
NCT DREAM 'Fire Alarm' (Official Audio) | Glitch Mode - The 2nd Album,2022-03-28T09:00:07Z,1075914,91277,2385,193
We’re Upgrading | 7llin’ in our Youth | EP. 6,2022-03-26T11:00:01Z,2039237,199809,3432,1523
NCT DREAM 엔시티 드림 'Glitch Mode' Highlight Medley,2022-03-25T09:00:18Z,1816086,320758,11041,235
NCT DREAM 엔시티 드림 'Glitch Mode' CBT (Closed Beta Test) Ver.2,2022-03-23T15:00:29Z,651833,139060,1745,25
Underneath the same light | 7llin’ in our Youth | EP. 5,2022-03-23T11:00:35Z,2895486,233487,3665,1424
All Night Long | 7llin’ in our Youth | EP. 4,2022-03-20T11:00:01Z,2529577,215318,4113,30
Life is still going on | 7llin’ in our Youth | EP. 3,2022-03-17T11:00:34Z,2469138,231955,3613,1736
NCT DREAM 엔시티 드림 'Glitch Mode' CBT (Closed Beta Test) Ver.1,2022-03-15T15:00:27Z,731724,169876,2336,22
You're the Irreplaceable | 7llin’ in our Youth | EP. 2,2022-03-14T11:00:13Z,3532510,303140,5899,2008
We're coming together | 7llin’ in our Youth | EP. 1,2022-03-11T11:00:36Z,4170797,411639,7859,1412
2022-01-14 NCT DREAM 회의,2022-03-04T11:00:00Z,591344,112496,2435,601
NCT DREAM 2nd KICK-OFF MEETING,2022-02-28T11:00:06Z,651489,146267,3686,95
내가 제일 좋아하는 누들이야!🍜 | Lemonilo Behind the Scene,2022-01-25T11:00:09Z,1047919,166534,3091,539
어? 네가 전학생이구나?🏫💚 | Somethinc Behind the Scene,2022-01-15T11:00:31Z,1563325,233399,6035,1148
2022 SM ARTIST SEASON’S GREETINGS #NCTDREAM,2021-12-31T09:00:30Z,338779,55664,1070,703
💚Indonesian NCTzens Aku Bersamamu💚 | Tokopedia WIB: Indonesia K-Pop Awards Behind,2021-12-03T13:00:01Z,664079,129038,3307,426
그냥 해!! 이거 승부가 뭐가 그렇게 중요하냐고오!!🔥 | HOTEL THE DREAM #2,2021-11-16T13:00:21Z,1248943,137226,2995,1189
2022 SM ARTIST SEASON’S GREETINGS Teaser #NCTDREAM,2021-11-10T03:00:14Z,280706,59119,805,26
우리 호텔은 7성급이야⭐️X7 | HOTEL THE DREAM #1,2021-11-09T13:00:01Z,1728493,195508,4631,1313
2022 NCT DREAM SEASON’S GREETINGS CONCEPT TRAILER #NCTDREAM,2021-11-01T03:00:16Z,455051,109540,3419,61
🎬DREAM CINEMA🎬에 오신 여러분 환영합니다💚 | U+아이돌Live - XR LIVE : DREAM CINEMA Behind,2021-10-22T11:00:13Z,747286,114838,1936,748
꺄항~ 누구 찍어줄까?💚 | U+아이돌Live - XR LIVE : DREAM CINEMA Behind,2021-10-10T11:00:19Z,715564,119862,2474,534
우리랑 잘 어울리지 않아요?💚✨ | FCMM Behind,2021-09-27T11:00:20Z,646962,116200,2678,507
얘들아 카메라 보믄서 우서^_^ㅣBeyond LIVE - NCT DREAM ONLINE FANMEETING - 'HOT! SUMMER DREAM' VCR Behind,2021-09-14T11:00:03Z,673081,118930,1848,489
Aku telah menunggumu 🎵 | Tokopedia Behind the Scene,2021-09-08T11:00:18Z,1189160,228102,7075,519
Heartfelt Message From NCT DREAM,2021-08-31T13:00:02Z,730908,180158,6197,627
NCT DREAM ‘HOT! SUMMER DREAM’ – 🐯🐰 Welcome Message 🎥,2021-08-25T04:00:09Z,304008,73840,1422,43
NCT DREAM ‘HOT! SUMMER DREAM’ – 🦊🐶🐹 Welcome Message 🎥,2021-08-24T04:00:00Z,293100,75005,1181,44
NCT DREAM ‘HOT! SUMMER DREAM’ – 🐻🐬 Welcome Message 🎥,2021-08-23T04:00:03Z,331094,86701,1642,36
"‘오르골 (Life Is Still Going On)’, ’ANL’ Live Clip | NCT DREAM 엔시티 드림",2021-08-18T13:00:24Z,38243734,1119588,32399,459
NCT DREAM ‘HOT! SUMMER DREAM’ – Teaser #2,2021-08-17T03:00:10Z,654508,156837,3371,26
NCT DREAM 'HOT! SUMMER DREAM' – Teaser #1,2021-08-16T03:00:08Z,658805,169732,4830,28
[Un Cut] Take #5｜‘Hello Future’ Recording Behind the Scene,2021-07-28T13:00:06Z,2689828,309753,8471,775
엄청난 일이 벌어졌습니다🤭💚 | Hello Future 음악방송 대기실 비하인드,2021-07-26T11:00:22Z,1086449,139738,2864,465
[Un Cut] Take #4｜‘Hello Future’ Dance Practice Behind the Scene,2021-07-24T13:00:06Z,2295106,227370,4366,595
[Un Cut] Take #3 | ‘Hello Future’ MV Behind the Scene,2021-07-21T11:00:05Z,1479792,172748,4397,1640
[Un Cut] Take #2 | '오르골 (Life Is Still Going On)' Track Video Behind the Scene,2021-07-16T13:00:16Z,1663086,197722,3337,867
아이구~ 🐹 좋아여? | Hello Future 음악방송 대기실 비하인드,2021-07-14T11:00:03Z,1092195,139682,2998,551
[Un Cut] Take #1｜‘Hello Future’ Jacket Behind the Scene,2021-07-12T13:00:02Z,1441359,179791,4732,1535
"This is about our ‘Future’ | PAST, PRESENT, HELLO FUTURE #3",2021-07-10T11:00:13Z,553458,92285,3377,1297
드림이 드림콘서트에 왔습니다 💚 | 드림콘서트 비하인드,2021-07-09T11:00:34Z,1676282,196146,4257,645
NCT DREAM 엔시티 드림 ‘Hello Future’ Dance Practice,2021-07-06T13:00:10Z,5602929,400618,6307,228
NCT DREAM 엔시티 드림 ‘Diggity’ Dance Practice,2021-07-06T12:00:17Z,2360225,240169,5171,218
"This is about our ‘Present’ | PAST, PRESENT, HELLO FUTURE #2",2021-07-03T11:00:17Z,648790,112605,2388,1044
UNBOXING of NCT DREAM ‘Hello Future’ Album,2021-07-02T13:00:15Z,921375,134958,2904,795
REACTION to 🌈'Hello Future’🌈 MV | NCT DREAM Reaction,2021-06-30T11:00:16Z,2271770,268841,4280,362
"This is about our ‘Past’ | PAST, PRESENT, HELLO FUTURE #1",2021-06-26T11:00:33Z,1082782,202993,4548,1034
NCT DREAM '오르골 (Life Is Still Going On)' DREAM-VERSE Bonus Chapter 「Dreaming of The Future」,2021-06-25T15:00:02Z,10941586,919489,28244,214
NCT DREAM CANDYLAB Photoshoot Behind The Scenes #컴플리트유어무드,2021-06-24T11:00:08Z,650895,116398,2645,405
NCT DREAM 엔시티 드림 ‘지금처럼만 (Be There For You)’ Live Clip,2021-06-23T13:00:06Z,9255056,482640,21664,241
"Hello Busan｜JISUNG VLOG #2｜용의 비늘, 치유의 숲, 제노 형 닮은 고양이, 부산역, Hello Future",2021-06-20T13:00:15Z,855257,139327,3014,752
"Hello Busan｜JISUNG VLOG #1｜드림 부산 벌칙! 부평깡통시장, 돼지국밥, 송정해수욕장, 고래와 케이블카",2021-06-17T13:00:07Z,1282363,207936,7208,1114
[Un Cut] Take #6｜‘맛 (Hot Sauce)’ Dance Practice,2021-06-15T11:00:02Z,2020167,221028,4315,726
[Un Cut] Take #5｜‘고래 (Dive Into You)’ Recording Behind the Scene,2021-06-12T11:00:13Z,2092663,238364,6445,926
[Un Cut] Take #4｜‘맛 (Hot Sauce)’ Recording Behind the Scene,2021-06-09T11:00:33Z,3588396,406034,11167,1250
Keep Looking for the Hints 🤔,2021-06-07T12:00:14Z,939575,223322,9348,53
💚시즈니 Fㅏ워🏆💚ㅣ맛 (Hot Sauce) 음악방송 대기실 비하인드 #3,2021-06-07T11:00:09Z,2077003,238537,4960,894
REACTION to '맛 (Hot Sauce)' with Pinkfong REDREX | NCT DREAM Reaction,2021-06-05T09:00:22Z,1823320,250747,5157,416
지금도 좀 울컥했어 솔직히💦🏆ㅣ맛 (Hot Sauce) 음악방송 대기실 비하인드 #2,2021-06-04T11:00:06Z,715374,114586,2309,494
[Un Cut] Take #3｜‘맛 (Hot Sauce)’ MV Behind the Scene,2021-06-02T11:00:25Z,1210882,159121,2660,842
[Un Cut] Take #2｜‘고래 (Dive Into You) + Rainbow (책갈피) +Diggity’ Track Video Behind the Scene,2021-05-31T11:00:04Z,1119124,145557,2799,980
[Un Cut] Take #1｜‘맛 (Hot Sauce)’ Jacket Behind the Scene,2021-05-29T11:00:13Z,1086283,155567,3235,1010
Dream VS Dream | JAEMIN VS HAECHAN,2021-05-28T13:00:23Z,1158307,156465,3220,534
Hot Sauce🔥 with Pinkfong REDREX | Sing along with NCT DREAM💚 | NCT DREAM X PINKFONG,2021-05-28T10:00:12Z,16831099,537892,0,134
맛 (Hot Sauce)🔥 with 핑크퐁 레드렉스 | NCT DREAM과 함께 노래해요💚 | NCT DREAM X 핑크퐁,2021-05-28T10:00:10Z,21941030,697584,0,134
잡아야지↘️ 못 잡겠지↗️ | Crazy Jalapeños 下,2021-05-27T13:00:01Z,1089607,132408,2614,1068
Dream VS Dream | CHENLE VS MARK,2021-05-25T13:00:03Z,739516,109940,2467,604
NCT DREAM 엔시티 드림 '고래 (Dive Into You)' Dance Practice,2021-05-23T13:00:12Z,4767856,391636,8223,206
NCT DREAM 엔시티 드림 '맛 (Hot Sauce)' Dance Practice (Moving Ver.),2021-05-23T11:00:32Z,6213582,405620,6261,203
NCT DREAM 엔시티 드림 '맛 (Hot Sauce)' Dance Practice,2021-05-23T11:00:14Z,8214091,515959,8744,202
드디어 첫방~ 바로 첫방~ 그 첫방💚ㅣ맛 (Hot Sauce) 음악방송 대기실 비하인드,2021-05-22T11:00:25Z,1057261,147723,2547,829
Dream VS Dream | RENJUN VS JISUNG,2021-05-21T13:00:06Z,916531,134651,2411,749
오감을 깨우고 네 맘을 깨우는 M.S.G Hot Sauce | Crazy Jalapeños 上,2021-05-20T13:00:12Z,1669846,180030,4364,1557
드림 사랑하는 만큼💚 Hot sauce 깊이 dip that🔥 | NCT DREAM X Enjoy Couple,2021-05-19T13:00:17Z,1444778,175121,2961,1067
Dream VS Dream | MARK VS JENO,2021-05-18T13:00:04Z,1569252,199039,5893,622
[#RENJUN Cam] ‘Ridin'’ | NCT DREAM @7DREAM return! 7+맛=Show,2021-05-17T12:00:20Z,92794,15255,262,216
[#JENO Cam] ‘Ridin'’ | NCT DREAM @7DREAM return! 7+맛=Show,2021-05-17T12:00:18Z,68064,12044,198,214
[#HAECHAN Cam] ‘Ridin'’ | NCT DREAM @7DREAM return! 7+맛=Show,2021-05-17T12:00:13Z,56689,11294,209,216
[#JISUNG Cam] ‘Ridin'’ | NCT DREAM @7DREAM return! 7+맛=Show,2021-05-17T12:00:10Z,58107,11177,185,216
[#CHENLE Cam] ‘Ridin'’ | NCT DREAM @7DREAM return! 7+맛=Show,2021-05-17T12:00:05Z,41933,11256,234,214
[#JAEMIN Cam] ‘Ridin'’ | NCT DREAM @7DREAM return! 7+맛=Show,2021-05-17T12:00:05Z,106400,20609,363,217
[#MARK Cam] ‘Ridin'’ | NCT DREAM @7DREAM return! 7+맛=Show,2021-05-17T12:00:01Z,265190,24060,441,214
7DREAM RETURN! 7+맛=SHOW Behind The Scenes,2021-05-17T11:00:01Z,724533,109742,2012,984
[#JISUNG Cam] ‘BOOM’ | NCT DREAM @7DREAM return! 7+맛=Show,2021-05-16T12:00:30Z,78933,14486,360,211
[#JAEMIN Cam] ‘BOOM’ | NCT DREAM @7DREAM return! 7+맛=Show,2021-05-16T12:00:19Z,138674,22209,359,211
[#RENJUN Cam] ‘BOOM’ | NCT DREAM @7DREAM return! 7+맛=Show,2021-05-16T12:00:14Z,110084,17312,296,210
[#HAECHAN Cam] ‘BOOM’ | NCT DREAM @7DREAM return! 7+맛=Show,2021-05-16T12:00:14Z,66340,13533,313,209
[#MARK Cam] ‘BOOM’ | NCT DREAM @7DREAM return! 7+맛=Show,2021-05-16T12:00:12Z,301286,38901,978,211
[#JENO Cam] ‘BOOM’ | NCT DREAM @7DREAM return! 7+맛=Show,2021-05-16T12:00:09Z,93342,17792,378,210
[#CHENLE Cam] ‘BOOM’ | NCT DREAM @7DREAM return! 7+맛=Show,2021-05-16T12:00:09Z,45166,12213,284,209
[#JISUNG Cam] ‘고래 (Dive Into You)’ | NCT DREAM @7DREAM return! 7+맛=Show,2021-05-15T12:00:31Z,68938,14070,448,206
[#CHENLE Cam] ‘고래 (Dive Into You)’ | NCT DREAM @7DREAM return! 7+맛=Show,2021-05-15T12:00:31Z,81506,15841,372,205
[#JENO Cam] ‘고래 (Dive Into You)’ | NCT DREAM @7DREAM return! 7+맛=Show,2021-05-15T12:00:20Z,68946,14653,285,206
[#JAEMIN Cam] ‘고래 (Dive Into You)’ | NCT DREAM @7DREAM return! 7+맛=Show,2021-05-15T12:00:06Z,150899,26495,456,206
[#HAECHAN Cam] ‘고래 (Dive Into You)’ | NCT DREAM @7DREAM return! 7+맛=Show,2021-05-15T12:00:04Z,80114,18280,476,203
[#MARK Cam] ‘고래 (Dive Into You)’ | NCT DREAM @7DREAM return! 7+맛=Show,2021-05-15T12:00:04Z,107387,19931,430,206
[#RENJUN Cam] ‘고래 (Dive Into You)’ | NCT DREAM @7DREAM return! 7+맛=Show,2021-05-15T12:00:02Z,84657,17768,411,209
[#JISUNG Cam] ‘Diggity’ | NCT DREAM @7DREAM return! 7+맛=Show,2021-05-14T12:00:34Z,126944,21546,476,99
[#MARK Cam] ‘Diggity’ | NCT DREAM @7DREAM return! 7+맛=Show,2021-05-14T12:00:16Z,112709,18753,309,97
[#HAECHAN Cam] ‘Diggity’ | NCT DREAM @7DREAM return! 7+맛=Show,2021-05-14T12:00:10Z,97037,19412,419,99
[#JAEMIN Cam] ‘Diggity’ | NCT DREAM @7DREAM return! 7+맛=Show,2021-05-14T12:00:09Z,127313,24555,398,98
[#CHENLE Cam] ‘Diggity’ | NCT DREAM @7DREAM return! 7+맛=Show,2021-05-14T12:00:06Z,56921,16693,336,99
[#RENJUN Cam] ‘Diggity’ | NCT DREAM @7DREAM return! 7+맛=Show,2021-05-14T12:00:06Z,93455,21346,382,96
[#JENO Cam] ‘Diggity’ | NCT DREAM @7DREAM return! 7+맛=Show,2021-05-14T12:00:04Z,77350,18421,358,98
UNBOXING of NCT DREAM ‘맛 (Hot Sauce)’ Album,2021-05-14T11:00:32Z,1285014,178650,3311,629
[#JAEMIN Cam] ‘Rainbow (책갈피)’ | NCT DREAM @7DREAM return! 7+맛=Show,2021-05-13T12:00:32Z,216635,46037,1410,244
[#MARK Cam] ‘Rainbow (책갈피)’ | NCT DREAM @7DREAM return! 7+맛=Show,2021-05-13T12:00:30Z,207537,37083,1330,244
[#RENJUN Cam] ‘Rainbow (책갈피)’ | NCT DREAM @7DREAM return! 7+맛=Show,2021-05-13T12:00:20Z,190777,35265,1324,244
[#HAECHAN Cam] ‘Rainbow (책갈피)’ | NCT DREAM @7DREAM return! 7+맛=Show,2021-05-13T12:00:18Z,166777,33218,1253,243
[#JISUNG Cam] ‘Rainbow (책갈피)’ | NCT DREAM @7DREAM return! 7+맛=Show,2021-05-13T12:00:13Z,122344,29840,1258,243
[#CHENLE Cam] ‘Rainbow (책갈피)’ | NCT DREAM @7DREAM return! 7+맛=Show,2021-05-13T12:00:09Z,87072,24164,999,243
[#JENO Cam] ‘Rainbow (책갈피)’ | NCT DREAM @7DREAM return! 7+맛=Show,2021-05-13T12:00:07Z,103799,26476,1088,241
[#MARK Cam] ‘맛 (Hot Sauce)’ | NCT DREAM @7DREAM return! 7+맛=Show,2021-05-12T12:00:30Z,302162,37934,1404,205
[#JENO Cam] ‘맛 (Hot Sauce)’ | NCT DREAM @7DREAM return! 7+맛=Show,2021-05-12T12:00:22Z,255489,40365,1458,206
[#HAECHAN Cam] ‘맛 (Hot Sauce)’ | NCT DREAM @7DREAM return! 7+맛=Show,2021-05-12T12:00:19Z,360337,51784,2189,204
[#RENJUN Cam] ‘맛 (Hot Sauce)’ | NCT DREAM @7DREAM return! 7+맛=Show,2021-05-12T12:00:17Z,242446,42534,1927,205
[#JISUNG Cam] ‘맛 (Hot Sauce)’ | NCT DREAM @7DREAM return! 7+맛=Show,2021-05-12T12:00:11Z,313453,45941,2131,203
[#JAEMIN Cam] ‘맛 (Hot Sauce)’ | NCT DREAM @7DREAM return! 7+맛=Show,2021-05-12T12:00:10Z,370249,59430,2103,205
[#NCTDREAM Cam] ‘맛 (Hot Sauce)’ @7DREAM return! 7+맛=Show,2021-05-12T12:00:02Z,487662,105030,1466,204
[#CHENLE Focus] ‘맛 (Hot Sauce)’ | NCT DREAM @7DREAM return! 7+맛=Show,2021-05-12T12:00:01Z,196946,41398,1981,207
REACTION to '맛 (Hot Sauce)' MV | NCT DREAM Reaction,2021-05-12T11:00:32Z,2932935,388929,4973,333
NCT DREAM 'Ridin'' Live Stage @7DREAM return! 7+맛=Show,2021-05-11T13:00:13Z,4885100,312878,4185,213
NCT DREAM 'BOOM' Live Stage @7DREAM return! 7+맛=Show,2021-05-11T13:00:12Z,13917727,549125,7064,203
NCT DREAM 'Rainbow (책갈피)' Live Stage @7DREAM return! 7+맛=Show,2021-05-11T12:00:21Z,12358229,436922,10426,239
NCT DREAM '고래 (Dive Into You)' Live Stage @7DREAM return! 7+맛=Show,2021-05-11T12:00:16Z,11764695,457047,7119,201
NCT DREAM '주인공 (Irreplaceable)+Diggity' Live Stage @7DREAM return! 7+맛=Show,2021-05-11T12:00:02Z,6756014,274836,4530,4
NCT DREAM '맛 (Hot Sauce)' Live Stage @7DREAM return! 7+맛=Show,2021-05-11T12:00:02Z,10236354,613793,11499,212
[REPLAY] 7DREAM return! 7+맛=Show #우정의_A컷Z컷 #우정월드컵,2021-05-11T12:00:00Z,1567106,150529,2922,2053
"Dear my DREAM, I’ll be there for you | 7llin’ in the DREAM | EP. 6",2021-05-07T11:00:06Z,5896150,439740,11516,2317
NCT DREAM 'Diggity' DREAM-VERSE Chapter #3 The Taste of Pain,2021-05-06T15:00:19Z,4162389,577324,22782,197
NCT DREAM 'Rainbow (책갈피)' DREAM-VERSE Chapter #2 The Thing I Cherish,2021-05-05T15:00:07Z,3909097,596122,26425,205
Dinosaurs A to Z | Sing along with NCT DREAM💚 | NCT DREAM X PINKFONG,2021-05-05T00:00:13Z,15590027,918606,0,141
공룡 ABC | NCT DREAM과 함께 노래해요💚 | NCT DREAM X 핑크퐁,2021-05-05T00:00:11Z,3773411,430607,0,141
NCT DREAM '고래 (Dive Into You)' DREAM-VERSE Chapter #1 The Love Triangle,2021-05-04T15:00:19Z,4562121,657385,42176,182
Hope It Never Fades Out | 7llin’ in the DREAM | EP. 5,2021-05-03T11:00:20Z,3376670,315162,7905,1504
"Time Flies, We Fly | 7llin’ in the DREAM | EP. 4",2021-04-29T11:00:08Z,5148441,394069,10957,1716
Cafe 7 DREAM Behind the Scenes,2021-04-27T11:00:10Z,1203946,169727,2899,644
Dive Into Youth | 7llin’ in the DREAM | EP. 3,2021-04-25T11:00:09Z,5471296,424638,9662,1843
We’re the Best Friends | 7llin’ in the DREAM | EP. 2,2021-04-21T11:00:00Z,5435832,428847,11935,1761
Welcome To Our Home | 7llin’ in the DREAM | EP. 1,2021-04-17T11:00:05Z,7347918,602823,13854,1566
2021-03-12 NCT DREAM 회의,2021-04-12T13:00:28Z,2423548,274114,7731,1481
NCT DREAM CANDYLAB Photoshoot Behind The Scenes #FULLBLOOM,2021-04-11T11:00:06Z,719119,121179,3072,403
NCT DREAM KICK-OFF MEETING,2021-04-06T13:00:04Z,774006,160568,7087,52
Cafe vlog｜Cafe 7 DREAM을 찾아온 특별 손님🤭｜카페브이로그｜카페7드림｜#카페일상｜#카페브레이크타임｜#감성카페,2021-04-05T12:00:12Z,3357398,290603,10070,1134
Cafe vlog｜Cafe 7 DREAM은 오늘도 영업중☕️｜카페브이로그｜카페7드림｜#나메리카노매운맛｜#바쁜하루｜#카페신메뉴출시,2021-04-04T11:00:07Z,3131089,299954,10101,1412
Cafe 7 DREAM,2021-03-31T15:00:04Z,1737095,352786,16417,196
NCT DREAM LAZADA SUPER PARTY Behind,2021-03-28T11:00:09Z,1116055,217874,7112,461
(극)난 계속 7등 6등 6등 7등이야!!!(대노)💢 | 🍽드슐랭 미식회🍷 #2 | D’chelin Gourmet Party,2021-03-24T13:00:00Z,2528313,233079,6653,1274
야 야 싸울 거면 여기서 제대로 싸워💥❗️ | 🍽드슐랭 미식회🍷 #1 | D’chelin Gourmet Party,2021-03-17T13:00:14Z,3624726,312190,9634,1104
아니 그니까 경찰 누구냐고…👮‍♂️💢 | 🧬드림 연구소🧪 File. 3 | DREAM Mystery Lab,2021-03-11T13:00:13Z,2839235,223894,7751,1308
울다가😢 웃으면🤣 엉덩이🍑에 뿔🦄난다 | 🧬드림 연구소🧪 File. 2 | DREAM Mystery Lab,2021-03-04T13:00:04Z,2502138,224455,7049,1796
범인은 이 안에 있어!  | 🧬드림 연구소🧪 File. 1 | DREAM Mystery Lab,2021-02-25T13:00:12Z,3313819,312926,9805,1242
그니까 우리가 아까부터 뭐가 문제였냐면｜박지성! 옥상으로 따라와 #2｜Rooftop Fight,2021-01-30T13:00:03Z,3437548,284962,10437,1341
NCT DREAM 2021 Back to School,2021-01-26T04:00:02Z,701982,148117,2890,189
박지성 성인 취임식(?)｜박지성! 옥상으로 따라와 #1｜Rooftop Fight,2021-01-23T13:00:15Z,5317915,423057,11228,1051
박지성! 옥상으로 따라와 : Prologue｜Rooftop Fight,2021-01-16T13:00:01Z,3867068,627434,32182,506
✨잊지 못할 추억✨ | [DREAM A DREAM] Photo shoot behind,2021-01-08T11:00:27Z,1550823,227571,6895,692
2021 NCT DREAM SEASON'S GREETINGS #NCTDREAM,2021-01-06T04:00:01Z,1020634,171611,4878,754
[CONTOUR:BACKSTAGE] NCT DREAM Behind The Scenes,2020-12-31T11:00:26Z,416602,66659,711,150
[CONTOUR:BACKSTAGE] NCT DREAM 'BOOM' (3D Audio/360º VR),2020-12-31T11:00:15Z,1416457,132066,1356,87
[CONTOUR:BACKSTAGE] NCT DREAM EP.1 (360º VR),2020-12-30T11:00:02Z,1753750,191924,3356,497
[CONTOUR:BACKSTAGE] NCT DREAM EP.2 (360º VR),2020-12-30T11:00:00Z,853260,102320,1669,514
2021 NCT DREAM SEASON’S GREETINGS Teaser,2020-11-05T04:00:02Z,557364,125827,2764,26
What's in the Box?🎁 | NCT DREAM - Beyond the Dream Show,2020-05-09T08:00:16Z,477994,86569,2282,35
NCT DREAM #JENO #JAEMIN LIVE Highlights - #NCTDREAM - Beyond the Dream Show,2020-05-07T02:53:47Z,192889,27470,706,203
[#RENJUN Face Focus] NCT DREAM 엔시티 드림 'Ridin'' (Rollin’ Ver.) @NCT DREAM THE STAGE,2020-05-05T12:00:28Z,185230,30473,1138,204
[#JAEMIN Face Focus] NCT DREAM 엔시티 드림 'Ridin'' (Rollin’ Ver.) @NCT DREAM THE STAGE,2020-05-05T12:00:22Z,519149,75418,1538,204
[#JENO Face Focus] NCT DREAM 엔시티 드림 'Ridin'' (Rollin’ Ver.) @NCT DREAM THE STAGE,2020-05-05T12:00:09Z,143302,22853,599,204
[#HAECHAN Face Focus] NCT DREAM 엔시티 드림 'Ridin'' (Rollin’ Ver.) @NCT DREAM THE STAGE,2020-05-05T12:00:06Z,172084,27420,962,204
[#CHENLE Face Focus] NCT DREAM 엔시티 드림 'Ridin'' (Rollin’ Ver.) @NCT DREAM THE STAGE,2020-05-05T12:00:00Z,98743,20165,1235,204
[#JISUNG Face Focus] NCT DREAM 엔시티 드림 'Ridin'' (Rollin’ Ver.) @NCT DREAM THE STAGE,2020-05-05T12:00:00Z,190059,31534,943,204
[ONE-TAKE] NCT DREAM 엔시티 드림 'Ridin'' (Ridin’ Ver.) @NCT DREAM THE STAGE,2020-05-05T11:00:24Z,743721,102230,1330,205
[Eye Contact Cam] NCT DREAM 엔시티 드림 'Ridin'' (Rollin’ Ver.) @NCT DREAM THE STAGE,2020-05-05T11:00:07Z,101227,19696,439,218
[Eye Contact Cam] NCT DREAM 엔시티 드림 'Ridin'' (Ridin’ Ver.) @NCT DREAM THE STAGE,2020-05-05T11:00:04Z,348896,62667,1119,218
[ONE-TAKE] NCT DREAM 엔시티 드림 'Ridin'' (Rollin’ Ver.) @NCT DREAM THE STAGE,2020-05-05T11:00:00Z,188348,34072,654,205
[#JISUNG Focus] NCT DREAM 엔시티 드림 'Ridin'' (Rollin’ Ver.) @NCT DREAM THE STAGE,2020-05-04T12:01:31Z,44718,8236,182,209
[#JISUNG Focus] NCT DREAM 엔시티 드림 'Ridin'' (Ridin’ Ver.) @NCT DREAM THE STAGE,2020-05-04T12:01:28Z,138813,17006,339,208
[#RENJUN Focus] NCT DREAM 엔시티 드림 'Ridin'' (Ridin’ Ver.) @NCT DREAM THE STAGE,2020-05-04T12:00:47Z,67096,11551,456,208
[#CHENLE Focus] NCT DREAM 엔시티 드림 'Ridin'' (Ridin’ Ver.) @NCT DREAM THE STAGE,2020-05-04T12:00:38Z,78021,12738,632,207
[#HAECHAN Focus] NCT DREAM 엔시티 드림 'Ridin'' (Ridin’ Ver.) @NCT DREAM THE STAGE,2020-05-04T12:00:35Z,82169,11793,453,208
[#HAECHAN Focus] NCT DREAM 엔시티 드림 'Ridin'' (Rollin’ Ver.) @NCT DREAM THE STAGE,2020-05-04T12:00:35Z,46172,9270,353,209
[#RENJUN Focus] NCT DREAM 엔시티 드림 'Ridin'' (Rollin’ Ver.) @NCT DREAM THE STAGE,2020-05-04T12:00:34Z,37832,8138,335,209
[#JENO Focus] NCT DREAM 엔시티 드림 'Ridin'' (Ridin’ Ver.) @NCT DREAM THE STAGE,2020-05-04T12:00:34Z,82352,12236,249,208
[#JENO Focus] NCT DREAM 엔시티 드림 'Ridin'' (Rollin’ Ver.) @NCT DREAM THE STAGE,2020-05-04T12:00:17Z,35652,7615,155,209
[#JAEMIN Focus] NCT DREAM 엔시티 드림 'Ridin'' (Rollin’ Ver.) @NCT DREAM THE STAGE,2020-05-04T12:00:17Z,60301,10956,248,208
[#JAEMIN Focus] NCT DREAM 엔시티 드림 'Ridin'' (Ridin’ Ver.) @NCT DREAM THE STAGE,2020-05-04T12:00:13Z,196019,27323,526,207
[#CHENLE Focus] NCT DREAM 엔시티 드림 'Ridin'' (Rollin’ Ver.) @NCT DREAM THE STAGE,2020-05-04T12:00:05Z,57529,14411,761,209
[Multi Eye Contact Cam] NCT DREAM 엔시티 드림 'Ridin'' (Ridin’ Ver.) @NCT DREAM THE STAGE,2020-05-04T11:00:13Z,316347,66655,2181,210
[Multi Eye Contact Cam] NCT DREAM 엔시티 드림 'Ridin'' (Rollin’ Ver.) @NCT DREAM THE STAGE,2020-05-04T11:00:06Z,308288,71108,3294,210
NCT DREAM 엔시티 드림 'Ridin'' (Ridin’ & Rollin’ Ver.) @NCT DREAM THE STAGE,2020-05-03T11:00:09Z,595534,113848,2201,211
NCT DREAM 엔시티 드림 'Ridin'' (Ridin’ Ver.) @NCT DREAM THE STAGE,2020-04-30T11:00:33Z,2092872,322485,9654,223
NCT DREAM 엔시티 드림 'Ridin'' (Rollin’ Ver.) @NCT DREAM THE STAGE,2020-04-30T11:00:00Z,2046553,305696,8318,223
NCT DREAM 엔시티 드림 'Quiet Down' Track Video #4,2020-04-25T09:00:35Z,4286028,508749,15789,73
NCT DREAM 엔시티 드림 '사랑은 또다시 (Love Again)' Track Video #3,2020-04-24T09:00:15Z,6019678,513957,12901,96
NCT DREAM 엔시티 드림 '내게 말해줘 (7 Days)' Track Video #2,2020-04-23T09:00:32Z,3585679,404132,11671,86
NCT DREAM 엔시티 드림 '너의 자리 (Puzzle Piece)' Track Video #1,2020-04-22T09:00:13Z,3312741,413258,17736,84
NCT DREAM 엔시티 드림 'Reload' Crew Video,2020-04-20T09:00:09Z,1806942,287536,15039,61
"NCT DREAM TAKES JAPAN : NCT DREAM TOUR ""THE DREAM SHOW”",2020-02-19T07:00:02Z,181302,26569,531,68
"NCT DREAM TAKES BANGKOK : NCT DREAM TOUR ""THE DREAM SHOW”",2020-01-24T09:00:01Z,152497,25763,623,1
"NCT DREAM TOUR ""THE DREAM SHOW"" Recap Video",2019-12-30T11:00:00Z,177185,35130,1462,125
2020 SM ARTIST SEASON’S GREETINGS DVD Teaser - NCT DREAM,2019-11-08T10:00:04Z,132173,26237,380,24
NCT DREAM 엔시티 드림 'BOOM' Vertical Video,2019-08-10T03:00:04Z,4669031,453914,9840,205
WE LIKE THAT,2019-07-24T09:00:09Z,776063,140046,4672,20
WE GOT THAT,2019-07-23T09:00:03Z,732809,142546,4622,18
2019 NCT DREAM Back to School Kit – 현장 인터뷰 영상,2019-07-05T09:01:03Z,108549,20025,483,98
2019 NCT DREAM Back to School Kit – 촬영 스케치 영상,2019-07-02T09:00:02Z,109694,25378,633,33
SM 셀러브리티와의 선물 같은 시간 💖 NCT DREAM,2019-06-07T08:00:08Z,420689,72082,1364,510
2019 NCT DREAM SUMMER VACATION KIT DVD Teaser,2019-04-25T09:00:04Z,167814,32785,1062,23
NCT DREAM ‘너와 나 (Beautiful Time)’ Behind of We Go Up,2018-10-09T12:00:00Z,537730,67383,1088,215
[N'-61] Dream VS Dream | JENO VS JAEMIN,2018-09-22T12:00:06Z,156072,16014,301,266
[N'-60] Dream VS Dream | MARK VS HAECHAN,2018-09-20T12:00:01Z,183488,17827,371,297
NCT RECORDING DIARY #5,2018-09-18T11:25:04Z,589928,53936,929,354
[N'-59] Dream VS Dream | JAEMIN VS RENJUN,2018-09-16T08:00:03Z,227834,19492,387,249
[N'-58] Dream VS Dream | JISUNG VS CHENLE,2018-09-12T09:00:12Z,180412,16685,291,295
[N'-57] NCT DREAM ‘We Go Up’ BEHIND THE STAGE (쇼!음악중심),2018-09-11T11:00:00Z,114756,11369,185,214
NCT RECORDING DIARY #4,2018-09-07T11:25:06Z,967556,84256,947,401
NCT RECORDING DIARY #3,2018-08-16T11:25:04Z,299683,26732,614,215
[N'-48] GIVE ME A STRIKE!,2018-08-03T10:00:01Z,295622,31331,397,230
[N'-46] 00+00+00+00=LOVE #2,2018-07-20T10:00:03Z,486083,50445,617,239
[N'-44] 00+00+00+00=LOVE,2018-07-06T12:00:14Z,725703,100783,1271,325
[N'-21] JOY! JOY TO THE WORLD,2017-12-18T09:00:02Z,95908,10344,186,183
[N'-16] 네 맘을 훔칠 Black Suit!,2017-11-14T10:00:05Z,333916,29345,341,171
NCT DREAM_ SUPER JUNIOR 'Black Suit' DANCE COVER,2017-11-14T08:00:04Z,1248535,101948,1247,82
NCT DREAM BOY VIDEO B-CUT #7,2017-11-03T09:00:00Z,59692,5416,80,107
NCT DREAM BOY VIDEO B-CUT #6,2017-11-01T09:00:03Z,57394,7498,162,51
NCT DREAM BOY VIDEO B-CUT #5,2017-10-30T09:00:00Z,39068,4061,63,80
NCT DREAM BOY VIDEO B-CUT #4,2017-10-27T09:00:03Z,37597,4263,57,79
NCT DREAM BOY VIDEO B-CUT #3,2017-10-25T09:00:05Z,38302,4185,62,53
NCT DREAM BOY VIDEO B-CUT #2,2017-10-23T09:00:01Z,40596,4292,80,116
NCT DREAM BOY VIDEO B-CUT #1,2017-10-20T09:00:01Z,41599,4144,42,66
NCT DREAM BOY VIDEO B-CUT Teaser,2017-10-18T09:00:04Z,28564,3754,63,44
NCT DREAM BOY VIDEO EP.12,2017-10-16T08:00:01Z,57099,5997,157,374
NCT DREAM BOY VIDEO EP.11,2017-10-13T09:00:05Z,49166,5266,97,196
NCT DREAM BOY VIDEO EP.10,2017-10-11T09:00:01Z,51051,5283,103,198
NCT DREAM BOY VIDEO EP.09,2017-09-29T09:00:02Z,59986,5704,86,170
NCT DREAM BOY VIDEO EP.08,2017-09-27T09:00:01Z,52617,5331,103,177
NCT DREAM BOY VIDEO EP.07,2017-09-25T09:00:00Z,57544,5979,120,176
NCT DREAM BOY #HAECHAN VIDEO,2017-09-22T09:00:01Z,46467,6124,179,287
NCT DREAM BOY #RENJUN VIDEO,2017-09-20T09:00:07Z,61494,8399,381,150
[N’-3] SO WHAT? WE HOT! WE YOUNG!,2017-09-18T10:00:01Z,102699,12161,155,68
NCT DREAM BOY #JENO VIDEO,2017-09-18T09:00:00Z,54170,6377,132,143
NCT DREAM BOY #MARK VIDEO,2017-09-15T09:00:01Z,51115,5874,133,169
NCT DREAM BOY #CHENLE VIDEO,2017-09-13T09:00:00Z,50901,6465,133,133
NCT DREAM BOY #JISUNG VIDEO,2017-09-11T09:00:02Z,79455,9149,147,150
NCT DREAM_ MY PAGE,2017-09-07T10:00:02Z,122045,17024,356,137
NCT DREAM BOY VIDEO Teaser,2017-09-06T09:00:02Z,54384,8619,139,26
[#4Ket] NCT DREAM_Trigger the fever #JISUNG,2017-08-30T10:00:05Z,63306,5750,78,208
[#4Ket] NCT DREAM_Trigger the fever #JENO,2017-08-30T10:00:04Z,25082,3246,67,208
[#4Ket] NCT DREAM_Trigger the fever #CHENLE,2017-08-30T10:00:03Z,18553,3017,117,208
[#4Ket] NCT DREAM_Trigger the fever #MARK,2017-08-30T10:00:02Z,20002,2734,44,208
[#4Ket] NCT DREAM_Trigger the fever #RENJUN,2017-08-30T10:00:02Z,28915,4191,210,208
[#4Ket] NCT DREAM_Trigger the fever #HAECHAN,2017-08-30T10:00:01Z,23826,3633,66,208
[#4Ket] NCT DREAM_We Young #JENO,2017-08-23T01:00:03Z,19555,3482,75,230
[#4Ket] NCT DREAM_We Young #HAECHAN,2017-08-23T01:00:03Z,20467,3510,76,230
[#4Ket] NCT DREAM_We Young #MARK,2017-08-23T01:00:01Z,20724,3595,62,230
[#4Ket] NCT DREAM_We Young,2017-08-23T01:00:01Z,55308,6271,116,230
[#4Ket] NCT DREAM_We Young #CHENLE,2017-08-23T01:00:01Z,25238,4601,146,230
[#4Ket] NCT DREAM_We Young #JISUNG,2017-08-23T01:00:00Z,49507,8292,168,230
[#4Ket] NCT DREAM_We Young #RENJUN,2017-08-23T01:00:00Z,37305,6387,256,230
